{
  "name": "article",
  "base": "PersistedModel",
  "idInjection": true,
  "options": {
    "validateUpsert": true
  },
  "properties": {
    "title": {
      "type": "string",
      "required": true
    },
    "created_date": {
      "type": "date",
      "required": true
    },
    "byline": {
      "type": "string"
    },
    "abstract": {
      "type": "string",
      "required": true
    },
    "image": {
      "type": "string"
    }
  },
  "validations": [],
  "relations": {},
  "acls": [],
  "methods": {}
}
